<Deploy>
  <toolSignature>gsglue10</toolSignature>
  <toolWebUri>lams-tool-gsglue10.war</toolWebUri>
  <toolContext>/lams/tool/gsglue10</toolContext>
  <toolUpdateScriptPath>./sql/updatescripts/updateTo2012053111.sql</toolUpdateScriptPath>
  <toolInsertScriptPath>./sql/tool_insert.sql</toolInsertScriptPath>
  <toolLibraryInsertScriptPath>./sql/library_insert.sql</toolLibraryInsertScriptPath>
  <hideTool>false</hideTool>
  <toolActivityInsertScriptPath>./sql/activity_insert.sql</toolActivityInsertScriptPath>
  <toolTablesScriptPath>./sql/create_lams_tool_gluelet.sql</toolTablesScriptPath>
  <toolTablesDeleteScriptPath>./sql/drop_lams_tool_gluelet.sql</toolTablesDeleteScriptPath>
  <toolDBVersionScriptPath>./sql/db_version_insert.sql</toolDBVersionScriptPath>
  <toolApplicationContextPath>/org/lamsfoundation/lams/tool/gluelet/glueletApplicationContext.xml</toolApplicationContextPath>
  <toolJarFileName>lams-tool-gsglue10.jar</toolJarFileName>
  <minServerVersionNumber>2.3</minServerVersionNumber>
  <deployFiles>
    <string>./lams-tool-gsglue10.war</string>
    <string>./lams-tool-gsglue10.jar</string>
    <string>./lib/glue-common.jar</string>
    <string>./lib/dep/restlet-jse-2.0.11/lib/org.restlet.jar</string>
    <string>./lib/dep/restlet-jse-2.0.11/lib/org.restlet.ext.atom.jar</string>
    <string>./lib/dep/restlet-jse-2.0.11/lib/org.restlet.ext.xml.jar</string>
  </deployFiles>
  <languageFiles>
    <string>./language/ApplicationResources.properties</string>
    <string>./language/ApplicationResources_en_AU.properties</string>
  </languageFiles>
  <portable>true</portable>
  <toolVersion>2012053111</toolVersion>
  <dbDriverClass>@dbDriverClass@</dbDriverClass>
  <dbDriverUrl>@dbDriverUrl@</dbDriverUrl>
  <dbUsername>@dbUsername@</dbUsername>
  <dbPassword>@dbPassword@</dbPassword>
  <lamsEarPath>@lamsear@</lamsEarPath>
  <languageFilesPackage>org.gsic.lams.tool.gluelet</languageFilesPackage>
</Deploy>