<?xml version="1.0" encoding="UTF-8" ?>

<!--
  This file is part of MoodleVLEAdapter.
  
  MoodleVLEAdapter is a property of the Intelligent & Cooperative Systems 
  Research Group (GSIC) from the University of Valladolid (UVA). 
  
  Copyright 2011 GSIC (UVA).

  MoodleVLEAdapter is licensed under the GNU General Public License (GPL) 
  EXCLUSIVELY FOR NON-COMMERCIAL USES. Please, note this is an additional 
  restriction to the terms of GPL that must be kept in any redistribution of
  the original code or any derivative work by third parties.

  If you intend to use MoodleVLEAdapter for any commercial purpose you can 
  contact to GSIC to obtain a commercial license at <glue@gsic.tel.uva.es>.

  If you have licensed this product under a commercial license from GSIC,
  please see the file LICENSE.txt included.

  The next copying permission statement (between square brackets []) is 
  applicable only when GPL is suitable, this is, when MoodleVLEAdapter is 
  used and/or distributed FOR NON COMMERCIAL USES.
  
  [ You can redistribute MoodleVLEAdapter and/or modify it under the 
    terms of the GNU General Public License as published by
    the Free Software Foundation, either version 3 of the License, or
    (at your option) any later version.

    This program is distributed in the hope that it will be useful,
    but WITHOUT ANY WARRANTY; without even the implied warranty of
    MERCHANTABILITY or FITNESS FOR A PARTICULAR PURPOSE.  See the
    GNU General Public License for more details.

    You should have received a copy of the GNU General Public License
    along with this program.  If not, see <http://www.gnu.org/licenses/>
  ]

-->

<XMLDB PATH="mod/gluelet/db" VERSION="20100223" COMMENT="XMLDB file for Moodle mod/gluelet"
    xmlns:xsi="http://www.w3.org/2001/XMLSchema-instance"
    xsi:noNamespaceSchemaLocation="../../../lib/xmldb/xmldb.xsd"
>
  <TABLES>
    <TABLE NAME="gluelet" COMMENT="Default comment for gluelet at mod/gluelet/db/install.xml, please edit me" NEXT="gluelet_instances">
      <FIELDS>
        <FIELD NAME="id" TYPE="int" LENGTH="10" NOTNULL="true" UNSIGNED="true" SEQUENCE="true" ENUM="false" NEXT="course"/>
        <FIELD NAME="course" TYPE="int" LENGTH="10" NOTNULL="true" UNSIGNED="true" DEFAULT="0" SEQUENCE="false" ENUM="false" COMMENT="Course gluelet activity belongs to" PREVIOUS="id" NEXT="name"/>
        <FIELD NAME="name" TYPE="char" LENGTH="255" NOTNULL="true" SEQUENCE="false" ENUM="false" COMMENT="name field for moodle instances" PREVIOUS="course" NEXT="intro"/>
        <FIELD NAME="intro" TYPE="text" LENGTH="medium" NOTNULL="false" SEQUENCE="false" ENUM="false" COMMENT="General introduction of the gluelet activity" PREVIOUS="name" NEXT="introformat"/>
        <FIELD NAME="introformat" TYPE="int" LENGTH="4" NOTNULL="true" UNSIGNED="true" DEFAULT="0" SEQUENCE="false" ENUM="false" COMMENT="Format of the intro field (MOODLE, HTML, MARKDOWN...)" PREVIOUS="intro" NEXT="timecreated"/>
        <FIELD NAME="timecreated" TYPE="int" LENGTH="10" NOTNULL="true" UNSIGNED="true" DEFAULT="0" SEQUENCE="false" ENUM="false" PREVIOUS="introformat" NEXT="timemodified"/>
        <FIELD NAME="timemodified" TYPE="int" LENGTH="10" NOTNULL="true" UNSIGNED="true" DEFAULT="0" SEQUENCE="false" ENUM="false" PREVIOUS="timecreated" NEXT="toolname"/>
        <FIELD NAME="toolname" TYPE="char" LENGTH="255" NOTNULL="true" SEQUENCE="false" ENUM="false" COMMENT="name of the tool provided by the instance" PREVIOUS="timemodified" NEXT="toolid"/>
        <FIELD NAME="toolid" TYPE="char" LENGTH="255" NOTNULL="true" SEQUENCE="false" ENUM="false" COMMENT="URL of the tool resource in GLUEletManager" PREVIOUS="toolname"/>
      </FIELDS>
      <KEYS>
        <KEY NAME="primary" TYPE="primary" FIELDS="id"/>
      </KEYS>
      <INDEXES>
        <INDEX NAME="course" UNIQUE="false" FIELDS="course"/>
      </INDEXES>
    </TABLE>

    <TABLE NAME="gluelet_instances" COMMENT="A Moodle gluelet activity may correspond to several GLUElet instances" PREVIOUS="gluelet" NEXT="gluelet_users_list_changes">
      <FIELDS>
        <FIELD NAME="id" TYPE="int" LENGTH="10" NOTNULL="true" UNSIGNED="true" SEQUENCE="true" ENUM="false" NEXT="url"/> <!-- I wanted 'url' as primary key, but Moodle expects a sequenced int field -->
        <FIELD NAME="url" TYPE="char" LENGTH="255" NOTNULL="true" SEQUENCE="false" ENUM="false" COMMENT="URL to GLUElet resource at GLUEletManager" PREVIOUS="id" NEXT="glueletactivity"/>
        <FIELD NAME="glueletactivity" TYPE="int" LENGTH="10" NOTNULL="true" UNSIGNED="true" DEFAULT="0" SEQUENCE="false" ENUM="false" PREVIOUS="url" NEXT="groupid"/>
        <FIELD NAME="groupid" TYPE="int" LENGTH="10" NOTNULL="true" UNSIGNED="false" DEFAULT="-1" SEQUENCE="false" ENUM="false" PREVIOUS="glueletactivity"/>
      </FIELDS>
      <KEYS>
        <KEY NAME="primary" TYPE="primary" FIELDS="id" NEXT="glueletactivity"/>
        <!--  KEY NAME="primary" TYPE="primary" FIELDS="url" NEXT="glueletactivity"/ -->
        <KEY NAME="glueletactivity" TYPE="foreign" FIELDS="glueletactivity" REFTABLE="gluelet" REFFIELDS="id" PREVIOUS="primary"/>
      </KEYS>
      <!-- INDEXES>
        <INDEX NAME="gropuid" UNIQUE="false" FIELDS="groupid" />
      </INDEXES-->
    </TABLE>
    
    <TABLE NAME="gluelet_users_list_changes" COMMENT="table gluelet_users_list_changes" PREVIOUS="gluelet_instances" >
      <FIELDS>
        <FIELD NAME="id" TYPE="int" LENGTH="10" NOTNULL="true" UNSIGNED="true" SEQUENCE="true" NEXT="glueletinstance"/>
        <FIELD NAME="glueletinstance" TYPE="int" LENGTH="10" NOTNULL="true" UNSIGNED="true" DEFAULT="0" SEQUENCE="false" PREVIOUS="id" NEXT="userid"/>
        <FIELD NAME="userid" TYPE="int" LENGTH="10" NOTNULL="true" UNSIGNED="false" SEQUENCE="false" PREVIOUS="glueletinstance" NEXT="action"/>
        <FIELD NAME="action" TYPE="char" LENGTH="1" NOTNULL="true" DEFAULT="0" SEQUENCE="false" PREVIOUS="userid"/>
      </FIELDS>
      <KEYS>
        <KEY NAME="primary" TYPE="primary" FIELDS="id" NEXT="glueletinstance"/>
        <KEY NAME="glueletinstance" TYPE="foreign" FIELDS="glueletinstance" REFTABLE="gluelet_instances" REFFIELDS="id" PREVIOUS="primary"/>
      </KEYS>
    </TABLE>
    
  </TABLES>
  <STATEMENTS>
    <STATEMENT NAME="insert log_display" TYPE="insert" TABLE="log_display" COMMENT="Initial insert of records on table log_display. Each record describes how data will be showed by log reports.">
      <SENTENCES>
        <SENTENCE TEXT="(module, action, mtable, field) VALUES ('gluelet', 'add', 'gluelet', 'name')" />
        <SENTENCE TEXT="(module, action, mtable, field) VALUES ('gluelet', 'update', 'gluelet', 'name')" />
        <SENTENCE TEXT="(module, action, mtable, field) VALUES ('gluelet', 'view', 'gluelet', 'name')" />
      </SENTENCES>
    </STATEMENT>
  </STATEMENTS>
</XMLDB>